feature_set,model,region,n,positives,positive_rate,auc_pr,auc_roc,f1,precision,recall,brier,tp,fp,tn,fn,threshold,val_f1_for_threshold
13_features_without_memory,CatBoost,D5D6_clean__exposed_any,136520,5823,0.0426530911221799,0.7104486467569932,0.9537261384285967,0.7025500599007359,0.7001535050315538,0.7049630774514855,0.08262810713298743,4105,1758,128939,1718,0.9045237053527143,0.17960042060941864
13_features_without_memory,XGBoost,D5D6_clean__exposed_any,136520,5823,0.0426530911221799,0.46089950240447397,0.9292539769380388,0.17838157117542824,0.6364594309799789,0.10372660140820883,0.05649681419277464,604,345,130352,5219,0.9634175896644592,0.2513207547165338
13_features_without_memory,LightGBM,D5D6_clean__exposed_any,136520,5823,0.0426530911221799,0.42981889115000255,0.9052238253090031,0.1484690067214339,0.569954128440367,0.08535119354284733,0.040978673016102085,497,375,130322,5326,0.9681569771881595,0.27255129694110525
13_features_without_memory,CatBoost,D5D6_clean__fraud_exposed,27188,5688,0.2092099455642195,0.8030500745164627,0.8985778750858601,0.7612591698393537,0.8067309584727416,0.7206399437412095,0.1697744350847496,4099,982,20518,1589,0.9045237053527143,0.17960042060941864
13_features_without_memory,XGBoost,D5D6_clean__fraud_exposed,27188,5688,0.2092099455642195,0.6047899236228018,0.8440789340267557,0.18582434514637905,0.7518703241895262,0.1060126582278481,0.14506209383769475,603,199,21301,5085,0.9634175896644592,0.2513207547165338
13_features_without_memory,LightGBM,D5D6_clean__fraud_exposed,27188,5688,0.2092099455642195,0.5706198066799313,0.815142196545972,0.15458937198067632,0.6803840877914952,0.08720112517580872,0.12999709874140963,496,233,21267,5192,0.9681569771881595,0.27255129694110525
13_features_without_memory,CatBoost,D5D6_clean__history_exposed,109332,135,0.0012347711557458018,0.00995073682218451,0.9223337094798766,0.013086150490730643,0.0076726342710997444,0.044444444444444446,0.06095710171506306,6,776,108421,129,0.9045237053527143,0.17960042060941864
13_features_without_memory,XGBoost,D5D6_clean__history_exposed,109332,135,0.0012347711557458018,0.005268097723090476,0.7978814707635097,0.0070921985815602835,0.006802721088435374,0.007407407407407408,0.034472952715932675,1,146,109051,134,0.9634175896644592,0.2513207547165338
13_features_without_memory,LightGBM,D5D6_clean__history_exposed,109332,135,0.0012347711557458018,0.004301895019715527,0.7050726871820858,0.007194244604316547,0.006993006993006993,0.007407407407407408,0.018842125997665937,1,142,109055,134,0.9681569771881595,0.27255129694110525
13_features_without_memory,CatBoost,D5D6_clean__isolated,500181,30,5.997828785979475e-05,0.000269140274462669,0.8480063020967668,0.0,0.0,0.0,0.03002813624800449,0,1400,498751,30,0.9045237053527143,0.17960042060941864
13_features_without_memory,CatBoost,D5D6_clean__isolated,500181,30,5.997828785979475e-05,0.000269140274462669,0.8480063020967668,0.0,0.0,0.0,0.03002813624800449,0,1400,498751,30,0.9045237053527143,0.17960042060941864
13_features_without_memory,LightGBM,D5D6_clean__isolated,500181,30,5.997828785979475e-05,0.00026779953825672976,0.7687280774539422,0.0,0.0,0.0,0.007062640729701822,0,202,499949,30,0.9681569771881595,0.27255129694110525
13_features_without_memory,LightGBM,D5D6_clean__isolated,500181,30,5.997828785979475e-05,0.00026779953825672976,0.7687280774539422,0.0,0.0,0.0,0.007062640729701822,0,202,499949,30,0.9681569771881595,0.27255129694110525
13_features_without_memory,XGBoost,D5D6_clean__isolated,500181,30,5.997828785979475e-05,0.0002388561303959714,0.8130270325028508,0.0,0.0,0.0,0.01426742357659867,0,205,499946,30,0.9634175896644592,0.2513207547165338
13_features_without_memory,XGBoost,D5D6_clean__isolated,500181,30,5.997828785979475e-05,0.0002388561303959714,0.8130270325028508,0.0,0.0,0.0,0.01426742357659867,0,205,499946,30,0.9634175896644592,0.2513207547165338
13_features_without_memory,CatBoost,D5D6_clean_without_914593_914595,636701,5853,0.009192697985396599,0.6293647266138782,0.9757195397765268,0.6259530344617261,0.5651934462343384,0.7013497351785409,0.04130650399867217,4105,3158,627690,1748,0.9045237053527143,0.17960042060941864
13_features_without_memory,XGBoost,D5D6_clean_without_914593_914595,636701,5853,0.009192697985396599,0.34231552839802926,0.9627645647122552,0.17239902954188668,0.5233968804159446,0.10319494276439432,0.023322154772121136,604,550,630298,5249,0.9634175896644592,0.2513207547165338
13_features_without_memory,LightGBM,D5D6_clean_without_914593_914595,636701,5853,0.009192697985396599,0.32027308047768,0.9409700370756282,0.14349646311534575,0.462756052141527,0.08491371946010592,0.014334840282929109,497,577,630271,5356,0.9681569771881595,0.27255129694110525
13_features_without_memory,CatBoost,D5D6_full,649491,5900,0.009084036576334392,0.631621281111251,0.976273336321686,0.6280478570346812,0.5676156583629893,0.7028813559322034,0.040537252118665254,4147,3159,640432,1753,0.9045237053527143,0.17960042060941864
13_features_without_memory,XGBoost,D5D6_full,649491,5900,0.009084036576334392,0.3446324271355193,0.9636080024135762,0.17435607132748374,0.5283018867924528,0.10440677966101695,0.022883496260203987,616,550,643041,5284,0.9634175896644592,0.2513207547165338
13_features_without_memory,LightGBM,D5D6_full,649491,5900,0.009084036576334392,0.3212976086061546,0.9421858730472288,0.14304142181453347,0.46332404828226553,0.08457627118644068,0.01407460168053288,499,578,643013,5401,0.9681569771881595,0.27255129694110525
13_features_without_memory,CatBoost,D5D6_full__exposed_any,136835,5870,0.04289838126210399,0.7124434647661513,0.9539550223797391,0.7043736730360934,0.7022861981371719,0.706473594548552,0.0825326211321545,4147,1758,129207,1723,0.9045237053527143,0.17960042060941864
13_features_without_memory,XGBoost,D5D6_full__exposed_any,136835,5870,0.04289838126210399,0.46346740412344967,0.9296089446372104,0.18035426731078905,0.6409989594172737,0.10494037478705281,0.056421390344345596,616,345,130620,5254,0.9634175896644592,0.2513207547165338
13_features_without_memory,LightGBM,D5D6_full__exposed_any,136835,5870,0.04289838126210399,0.43120610439240004,0.9056407153529648,0.14798339264531435,0.5709382151029748,0.08500851788756389,0.04097113074143281,499,375,130590,5371,0.9681569771881595,0.27255129694110525
13_features_without_memory,CatBoost,D5D6_full__fraud_exposed,27260,5735,0.21038151137197358,0.8046013550277261,0.8989991281604185,0.7627555719285319,0.8083154401717744,0.7220575414123801,0.16953295192327858,4141,982,20543,1594,0.9045237053527143,0.17960042060941864
13_features_without_memory,XGBoost,D5D6_full__fraud_exposed,27260,5735,0.21038151137197358,0.6071579922616666,0.8446484744832502,0.18781493357764545,0.7555282555282555,0.10723626852659111,0.1449050946466943,615,199,21326,5120,0.9634175896644592,0.2513207547165338
13_features_without_memory,LightGBM,D5D6_full__fraud_exposed,27260,5735,0.21038151137197358,0.57212241466006,0.8156266015369084,0.15403649860810392,0.6812585499316005,0.08683522231909328,0.13005769998986336,498,233,21292,5237,0.9681569771881595,0.27255129694110525
13_features_without_memory,CatBoost,D5D6_full__history_exposed,109575,135,0.0012320328542094457,0.009943866740569778,0.9224167478882391,0.013086150490730643,0.0076726342710997444,0.044444444444444446,0.06088873322555134,6,776,108664,129,0.9045237053527143,0.17960042060941864
13_features_without_memory,XGBoost,D5D6_full__history_exposed,109575,135,0.0012320328542094457,0.005265895576534167,0.7981129859757419,0.0070921985815602835,0.006802721088435374,0.007407407407407408,0.034408469702939946,1,146,109294,134,0.9634175896644592,0.2513207547165338
13_features_without_memory,LightGBM,D5D6_full__history_exposed,109575,135,0.0012320328542094457,0.0042993133603643485,0.7053577133419969,0.007194244604316547,0.006993006993006993,0.007407407407407408,0.018808229735617465,1,142,109298,134,0.9681569771881595,0.27255129694110525
13_features_without_memory,CatBoost,D5D6_full__isolated,512656,30,5.85187728223214e-05,0.0002688505513390601,0.8514476440914038,0.0,0.0,0.0,0.029328105402425142,0,1401,511225,30,0.9045237053527143,0.17960042060941864
13_features_without_memory,CatBoost,D5D6_full__isolated,512656,30,5.85187728223214e-05,0.0002688505513390601,0.8514476440914038,0.0,0.0,0.0,0.029328105402425142,0,1401,511225,30,0.9045237053527143,0.17960042060941864
13_features_without_memory,LightGBM,D5D6_full__isolated,512656,30,5.85187728223214e-05,0.0002673810262664389,0.7725620953027483,0.0,0.0,0.0,0.00689554485871036,0,203,512423,30,0.9681569771881595,0.27255129694110525
13_features_without_memory,LightGBM,D5D6_full__isolated,512656,30,5.85187728223214e-05,0.0002673810262664389,0.7725620953027483,0.0,0.0,0.0,0.00689554485871036,0,203,512423,30,0.9681569771881595,0.27255129694110525
13_features_without_memory,XGBoost,D5D6_full__isolated,512656,30,5.85187728223214e-05,0.00023854691720455882,0.8167659918407052,0.0,0.0,0.0,0.013931766958287057,0,205,512421,30,0.9634175896644592,0.2513207547165338
13_features_without_memory,XGBoost,D5D6_full__isolated,512656,30,5.85187728223214e-05,0.00023854691720455882,0.8167659918407052,0.0,0.0,0.0,0.013931766958287057,0,205,512421,30,0.9634175896644592,0.2513207547165338
15_features_with_memory,LightGBM,D5D6_clean__exposed_any,136520,5823,0.0426530911221799,0.7883846680260483,0.926858879665996,0.7807041361209159,0.8252965939533103,0.740683496479478,0.04129327970933711,4313,913,129784,1510,0.947219884941718,0.3263417643425016
15_features_with_memory,XGBoost,D5D6_clean__exposed_any,136520,5823,0.0426530911221799,0.7643382140462514,0.9393542375349204,0.7035739313244569,0.6435897435897436,0.7758887171561051,0.07460106535888793,4518,2502,128195,1305,0.9104464054107666,0.3514117408079913
15_features_with_memory,CatBoost,D5D6_clean__exposed_any,136520,5823,0.0426530911221799,0.7637671858343724,0.9464773441002352,0.7637240024993306,0.7951672862453532,0.734672849046883,0.08097239017356202,4278,1102,129595,1545,0.9507533985077975,0.30404068945979956
15_features_with_memory,LightGBM,D5D6_clean__fraud_exposed,27188,5688,0.2092099455642195,0.8547862759857131,0.8799162332777287,0.8286538461538462,0.9144736842105263,0.7575597749648383,0.10115817663090525,4309,403,21097,1379,0.947219884941718,0.3263417643425016
15_features_with_memory,CatBoost,D5D6_clean__fraud_exposed,27188,5688,0.2092099455642195,0.8538614166494032,0.9015021015274916,0.8281553398058252,0.9247614917606245,0.7498241912798875,0.15985852851985471,4265,347,21153,1423,0.9507533985077975,0.30404068945979956
15_features_with_memory,XGBoost,D5D6_clean__fraud_exposed,27188,5688,0.2092099455642195,0.8478505093568466,0.8918718272658882,0.8031046480506736,0.8152508603513856,0.7913150492264416,0.151636105114102,4501,1020,20480,1187,0.9104464054107666,0.3514117408079913
15_features_with_memory,CatBoost,D5D6_clean__history_exposed,109332,135,0.0012347711557458018,0.007365516038932661,0.7977931153311429,0.028792912513842746,0.016927083333333332,0.0962962962962963,0.06135547719877874,13,755,108442,122,0.9507533985077975,0.30404068945979956
15_features_with_memory,XGBoost,D5D6_clean__history_exposed,109332,135,0.0012347711557458018,0.005077369898910724,0.7540046378970524,0.0208078335373317,0.01134089392928619,0.1259259259259259,0.055444472038864934,17,1482,107715,118,0.9104464054107666,0.3514117408079913
15_features_with_memory,LightGBM,D5D6_clean__history_exposed,109332,135,0.0012347711557458018,0.004578886676796351,0.7793478928162116,0.012326656394453005,0.007782101167315175,0.02962962962962963,0.02640645044156926,4,510,108687,131,0.947219884941718,0.3263417643425016
15_features_with_memory,CatBoost,D5D6_clean__isolated,500181,30,5.997828785979475e-05,0.00028778059649606463,0.8370389475711668,0.0,0.0,0.0,0.012462448668949227,0,362,499789,30,0.9507533985077975,0.30404068945979956
15_features_with_memory,CatBoost,D5D6_clean__isolated,500181,30,5.997828785979475e-05,0.00028778059649606463,0.8370389475711668,0.0,0.0,0.0,0.012462448668949227,0,362,499789,30,0.9507533985077975,0.30404068945979956
15_features_with_memory,XGBoost,D5D6_clean__isolated,500181,30,5.997828785979475e-05,0.00027820148866228636,0.8355893186924216,0.0,0.0,0.0,0.009424930060658717,0,779,499372,30,0.9104464054107666,0.3514117408079913
15_features_with_memory,XGBoost,D5D6_clean__isolated,500181,30,5.997828785979475e-05,0.00027820148866228636,0.8355893186924216,0.0,0.0,0.0,0.009424930060658717,0,779,499372,30,0.9104464054107666,0.3514117408079913
15_features_with_memory,LightGBM,D5D6_clean__isolated,500181,30,5.997828785979475e-05,0.00022428097017813148,0.7973504668256853,0.0,0.0,0.0,0.004219941414241193,0,358,499793,30,0.947219884941718,0.3263417643425016
15_features_with_memory,LightGBM,D5D6_clean__isolated,500181,30,5.997828785979475e-05,0.00022428097017813148,0.7973504668256853,0.0,0.0,0.0,0.004219941414241193,0,358,499793,30,0.947219884941718,0.3263417643425016
15_features_with_memory,LightGBM,D5D6_clean_without_914593_914595,636701,5853,0.009192697985396599,0.7640071699350557,0.9635336914006896,0.7542187636617994,0.7723853868194842,0.7368870664616436,0.012169123438529663,4313,1271,629577,1540,0.947219884941718,0.3263417643425016
15_features_with_memory,XGBoost,D5D6_clean_without_914593_914595,636701,5853,0.009192697985396599,0.7358608041014155,0.9759364614590904,0.6618810430706124,0.5793050391075779,0.7719118400820092,0.023399850770559068,4518,3281,627567,1335,0.9104464054107666,0.3514117408079913
15_features_with_memory,CatBoost,D5D6_clean_without_914593_914595,636701,5853,0.009192697985396599,0.7317840755966519,0.9785631150039794,0.7379042690815006,0.7450365726227796,0.7309072270630446,0.027152196626325988,4278,1464,629384,1575,0.9507533985077975,0.30404068945979956
15_features_with_memory,LightGBM,D5D6_full,649491,5900,0.009084036576334392,0.7656548117551316,0.964346939704232,0.7557251908396947,0.7739872068230277,0.7383050847457627,0.011941136517938294,4356,1272,642319,1544,0.947219884941718,0.3263417643425016
15_features_with_memory,XGBoost,D5D6_full,649491,5900,0.009084036576334392,0.7380108154595904,0.9764949897514921,0.6637077997671711,0.5814635390107088,0.7730508474576271,0.02295895766895513,4561,3283,640308,1339,0.9104464054107666,0.3514117408079913
15_features_with_memory,CatBoost,D5D6_full,649491,5900,0.009084036576334392,0.7332792621277812,0.9790489818923582,0.7393462262536369,0.7466297960594539,0.7322033898305085,0.026639304366276723,4320,1466,642125,1580,0.9507533985077975,0.30404068945979956
15_features_with_memory,LightGBM,D5D6_full__exposed_any,136835,5870,0.04289838126210399,0.789918359934386,0.9272543296904103,0.7821168866145973,0.826722338204593,0.7420783645655877,0.04123942709136737,4356,913,130052,1514,0.947219884941718,0.3263417643425016
15_features_with_memory,XGBoost,D5D6_full__exposed_any,136835,5870,0.04289838126210399,0.7663072585781194,0.9396728978983226,0.7052729240760786,0.6456681766704416,0.7770017035775127,0.07448968111936252,4561,2503,128462,1309,0.9104464054107666,0.3514117408079913
15_features_with_memory,CatBoost,D5D6_full__exposed_any,136835,5870,0.04289838126210399,0.7651855765425183,0.9467339876689164,0.7650757106171965,0.7966070440715471,0.7359454855195912,0.08084930464020021,4320,1103,129862,1550,0.9507533985077975,0.30404068945979956
15_features_with_memory,LightGBM,D5D6_full__fraud_exposed,27260,5735,0.21038151137197358,0.8558692061137128,0.8804370498406691,0.8297426120114395,0.9152471083070453,0.7588491717523975,0.10109407857688031,4352,403,21122,1383,0.947219884941718,0.3263417643425016
15_features_with_memory,CatBoost,D5D6_full__fraud_exposed,27260,5735,0.21038151137197358,0.854854032154064,0.9018377163270949,0.8290664100096247,0.9252416756176155,0.7510026155187446,0.159658848444877,4307,348,21177,1428,0.9507533985077975,0.30404068945979956
15_features_with_memory,XGBoost,D5D6_full__fraud_exposed,27260,5735,0.21038151137197358,0.849101075297529,0.8922989002265163,0.8042477876106194,0.8165318957771788,0.7923278116826504,0.1514663469778308,4544,1021,20504,1191,0.9104464054107666,0.3514117408079913
15_features_with_memory,CatBoost,D5D6_full__history_exposed,109575,135,0.0012320328542094457,0.007363980921461349,0.7980734243014944,0.028792912513842746,0.016927083333333332,0.0962962962962963,0.06124311559967554,13,755,108685,122,0.9507533985077975,0.30404068945979956
15_features_with_memory,XGBoost,D5D6_full__history_exposed,109575,135,0.0012320328542094457,0.005075769285443785,0.7542939137968377,0.0208078335373317,0.01134089392928619,0.1259259259259259,0.0553394743084856,17,1482,107958,118,0.9104464054107666,0.3514117408079913
15_features_with_memory,LightGBM,D5D6_full__history_exposed,109575,135,0.0012320328542094457,0.004577356301628626,0.7796426927658653,0.012326656394453005,0.007782101167315175,0.02962962962962963,0.026348824312493684,4,510,108930,131,0.947219884941718,0.3263417643425016
15_features_with_memory,CatBoost,D5D6_full__isolated,512656,30,5.85187728223214e-05,0.00028747723846351994,0.8406595971852124,0.0,0.0,0.0,0.012169903076752517,0,363,512263,30,0.9507533985077975,0.30404068945979956
15_features_with_memory,CatBoost,D5D6_full__isolated,512656,30,5.85187728223214e-05,0.00028747723846351994,0.8406595971852124,0.0,0.0,0.0,0.012169903076752517,0,363,512263,30,0.9507533985077975,0.30404068945979956
15_features_with_memory,XGBoost,D5D6_full__isolated,512656,30,5.85187728223214e-05,0.00027791401777180257,0.8392829600267381,0.0,0.0,0.0,0.009204692541195962,0,780,511846,30,0.9104464054107666,0.3514117408079913
15_features_with_memory,XGBoost,D5D6_full__isolated,512656,30,5.85187728223214e-05,0.00027791401777180257,0.8392829600267381,0.0,0.0,0.0,0.009204692541195962,0,780,511846,30,0.9104464054107666,0.3514117408079913
15_features_with_memory,LightGBM,D5D6_full__isolated,512656,30,5.85187728223214e-05,0.00022389105495051984,0.8009276418545553,0.0,0.0,0.0,0.00412101622164767,0,359,512267,30,0.947219884941718,0.3263417643425016
15_features_with_memory,LightGBM,D5D6_full__isolated,512656,30,5.85187728223214e-05,0.00022389105495051984,0.8009276418545553,0.0,0.0,0.0,0.00412101622164767,0,359,512267,30,0.947219884941718,0.3263417643425016
